"position","const","created","modified","description","Name","Known for","Birth date (month/day/year)"


        "1","nm0000197","Wed Nov 14 16:01:41 2012","Fri Jul 15 21:01:52 2016","Acting Abilities:     

Acting Skill - 5 Stars 
Overall Versatility - 5 Stars
Role Transformation - 4.8 Stars

Awards & Nominations:

Oscars: 3
Oscar Nominations: 12
BAFTA Awards: 4
BAFTA Nominations: 8
Golden Globes: 6
Golden Globe Nominations: 17

Greatest Performances:

""The Shining"" - Level of Difficulty - 5 Stars
""As Good as It Gets"" - Level of Difficulty - 4.8 Stars
""One Flew…….Cuckoo's Nest"" - Level of Difficulty - 5 Stars","Jack Nicholson","Actor, <a href=""http://www.imdb.com/title/tt0081505"">The Shining</a>","1937-04-22"


        "2","nm0000008","Wed Nov 14 16:01:55 2012","Sat Jan 31 07:49:19 2015","Acting Abilities: 

Acting Skill - 5 Stars 
Overall Versatility - 5 Stars
Role Transformation - 5 Stars

Awards & Nominations:

Oscars: 2
Oscar Nominations: 8
BAFTA Awards: 3
BAFTA Nominations: 8
Golden Globes: 2
Golden Globe Nominations: 6

Greatest Performances: 

""The Godfather"" - Level of Difficulty - 5 Stars 
""On the Waterfront"" - Level of Difficulty - 4.8 Stars
""Last Tango in Paris"" - Level of Difficulty - 4.9 Stars","Marlon Brando","Actor, <a href=""http://www.imdb.com/title/tt0068646"">The Godfather</a>","1924-04-03"


        "3","nm0000134","Wed Nov 14 16:02:06 2012","Fri Oct 11 12:32:51 2013","Acting Abilities: 

Acting Skill - 5 Stars 
Overall Versatility - 4.8 Stars
Role Transformation - 4.8 Stars

Awards & Nominations:

Oscars: 2
Oscar Nominations: 7
BAFTA Awards: 0
BAFTA Nominations: 6
Golden Globes: 1
Golden Globe Nominations: 8

Greatest Performances: 

""Raging Bull"" - Level of Difficulty - 5 Stars 
""The Deer Hunter"" - Level of Difficulty - 4.7 Stars
""The Godfather: Part II"" - Level of Difficulty - 4.8 Stars","Robert De Niro","Actor, <a href=""http://www.imdb.com/title/tt0099685"">Goodfellas</a>","1943-08-17"


        "4","nm0000199","Wed Nov 14 16:02:15 2012","Fri May 23 21:16:32 2014","Acting Abilities: 

Acting Skill - 5 Stars 
Overall Versatility - 4.8 Stars
Role Transformation - 4.8 Stars

Awards & Nominations:

Oscars: 1
Oscar Nominations: 8
BAFTA Awards: 2
BAFTA Nominations: 5
Golden Globes: 4
Golden Globe Nominations: 15

Greatest Performances:

""Scent of a Woman"" - Level of Difficulty - 5 Stars
""Dog Day Afternoon"" - Level of Difficulty - 4.8 Stars
""The Godfather: Part II"" - Level of Difficulty - 4.6 Stars","Al Pacino","Actor, <a href=""http://www.imdb.com/title/tt0068646"">The Godfather</a>","1940-04-25"


        "5","nm0000358","Wed Nov 14 16:04:30 2012","Sat Jan 31 07:37:55 2015","Acting Abilities: 

Acting Skill - 5 Stars 
Overall Versatility - 5 Stars
Role Transformation - 5 Stars

Awards & Nominations:

Oscars: 3
Oscar Nominations: 5
BAFTA Awards: 4
BAFTA Nominations: 6
Golden Globes: 2
Golden Globe Nominations: 7

Greatest Performances: 

""Lincoln"" - Level of Difficulty - 5 Stars
""My Left Foot"" - Level of Difficulty - 5 Stars
""There Will Be Blood"" - Level of Difficulty - 5 Stars","Daniel Day-Lewis","Actor, <a href=""http://www.imdb.com/title/tt0469494"">There Will Be Blood</a>","1957-04-29"


        "6","nm0000163","Wed Nov 14 16:02:30 2012","Sat Jun 29 14:20:52 2013","Acting Abilities: 

Acting Skill - 5 Stars 
Overall Versatility - 4.8 Stars
Role Transformation - 5 Stars

Awards & Nominations:

Oscars: 2
Oscar Nominations: 7
BAFTA Awards: 4
BAFTA Nominations: 10
Golden Globes: 5
Golden Globe Nominations: 13

Greatest Performances: 

""Rain Man"" - Level of Difficulty - 5 Stars 
""Midnight Cowboy"" - Level of Difficulty - 4.8 Stars
""Kramer vs. Kramer"" - Level of Difficulty - 4.6 Stars","Dustin Hoffman","Actor, <a href=""http://www.imdb.com/title/tt0079417"">Kramer vs. Kramer</a>","1937-08-08"


        "7","nm0000158","Wed Nov 14 16:02:21 2012","Fri May 23 21:17:06 2014","Acting Abilities: 

Acting Skill - 5 Stars 
Overall Versatility - 4.8 Stars
Role Transformation - 4.9 Stars

Awards & Nominations: 

Oscars: 2
Oscar Nominations: 5
BAFTA Awards: 0
BAFTA Nominations: 4
Golden Globes: 4
Golden Globe Nominations: 8

Greatest Performances: 

""Forrest Gump"" - Level of Difficulty - 5 Stars
""Philadelphia"" - Level of Difficulty - 4.8 Stars
""Saving Private Ryan"" - Level of Difficulty - 4.7 Stars","Tom Hanks","Actor, <a href=""http://www.imdb.com/title/tt0382625"">The Da Vinci Code</a>","1956-07-09"


        "8","nm0000164","Wed Nov 14 16:02:42 2012","Sat Jun 29 14:17:07 2013","Acting Abilities: 

Acting Skill - 5 Stars 
Overall Versatility - 5 Stars
Role Transformation - 5 Stars

Awards & Nominations:

Oscars: 1
Oscar Nominations: 4
BAFTA Awards: 3
BAFTA Nominations: 9
Golden Globes: 0
Golden Globe Nominations: 6

Greatest Performances: 

""Nixon"" - Level of Difficulty - 4.8 Stars
""Silence of the Lambs"" - Level of Difficulty - 5 Stars
""The Remains of the Day"" - Level of Difficulty - 4.8 Stars","Anthony Hopkins","Actor, <a href=""http://www.imdb.com/title/tt0212985"">Hannibal</a>","1937-12-31"


        "9","nm0000056","Wed Nov 14 16:03:04 2012","Sat Sep 28 19:55:17 2013","Acting Abilities: 

Acting Skill - 4.8 Stars 
Overall Versatility - 4.7 Stars
Role Transformation - 4.7 Stars

Awards & Nominations:

Oscars: 1
Oscar Nominations: 10
BAFTA Awards: 1
BAFTA Nominations: 5
Golden Globes: 3
Golden Globe Nominations: 12

Greatest Performances:

""The Verdict"" - Level of Difficulty - 4.7 Stars
""Road to Perdition"" - Level of Difficulty - 4.7 Stars
""The Color of Money"" - Level of Difficulty - 4.8 Stars","Paul Newman","Actor, <a href=""http://www.imdb.com/title/tt0064115"">Butch Cassidy and the Sundance Kid</a>","1925-01-26"


        "10","nm0000243","Wed Nov 14 16:05:57 2012","Sat Sep 28 19:55:36 2013","Acting Abilities: 

Acting Skill - 5 Stars 
Overall Versatility - 4.7 Stars
Role Transformation - 4.8 Stars

Awards & Nominations:

Oscars: 2
Oscar Nominations: 6
BAFTA Awards: 0
BAFTA Nominations: 0
Golden Globes: 2
Golden Globe Nominations: 7

Greatest Performances:

""Glory"" - Level of Difficulty - 4.6 Stars
""Malcolm X"" - Level of Difficulty - 4.8 Stars
""Training Day"" - Level of Difficulty - 5 Stars","Denzel Washington","Actor, <a href=""http://www.imdb.com/title/tt0139654"">Training Day</a>","1954-12-28"


        "11","nm0000075","Thu Nov 15 11:51:52 2012","Thu Oct 29 13:19:58 2015","Acting Abilities: 

Acting Skill - 4.7 Stars 
Overall Versatility - 4.6 Stars
Role Transformation - 4.7 Stars

Awards & Nominations: 

Oscars: 2
Oscar Nominations: 9
BAFTA Awards: 1
BAFTA Nominations: 5
Golden Globes: 1
Golden Globe Nominations: 4

Greatest Performances:

""Boys Town"" - Level of Difficulty - 4.7 Stars
""Captan's Courageous"" - Level of Difficulty - 4.6 Stars                   
""Judgement at Nuremberg"" - Level of Difficulty - 4.7 Stars","Spencer Tracy","Actor, <a href=""http://www.imdb.com/title/tt0055031"">Judgment at Nuremberg</a>","1900-04-05"


        "12","nm0000059","Thu Nov 15 12:04:00 2012","Sat Jun 29 14:44:54 2013","Acting Abilities: 

Acting Skill - 5 Stars 
Overall Versatility - 4.8 Stars
Role Transformation - 5 Stars

Awards & Nominations: 

Oscars: 1
Oscar Nominations: 11 (1 for Directing)
BAFTA Awards: 2
BAFTA Nominations: 10
Golden Globes: 2
Golden Globe Nominations: 5

Greatest Performances:

""Hamlet"" - Level of Difficulty - 5 Stars
""Rebecca"" - Level of Difficulty - 4.8 Stars                    
""Spartacus"" - Level of Difficulty - 4.8 Stars","Laurence Olivier","Actor, <a href=""http://www.imdb.com/title/tt0032976"">Rebecca</a>","1907-05-22"


        "13","nm0000493","Thu Nov 15 11:46:07 2012","Sun Jun 30 11:16:09 2013","Acting Abilities: 

Acting Skill - 4.5 Stars 
Overall Versatility - 4.3 Stars
Role Transformation - 4.6 Stars

Awards & Nominations:

Oscars: 2
Oscar Nominations: 8
BAFTA Awards: 2
BAFTA Nominations: 8
Golden Globes: 4
Golden Globe Nominations: 22

Greatest Performances:

""Mister Roberts"" - Level of Difficulty - 4.5 Stars
""Save the Tiger"" - Level of Difficulty - 4.7 Stars                    
""Some Like It Hot"" - Level of Difficulty - 4.6 Stars","Jack Lemmon","Actor, <a href=""http://www.imdb.com/title/tt0053604"">The Apartment</a>","1925-02-08"


        "14","nm0000323","Thu Nov 15 11:46:50 2012","Fri Oct 11 12:34:22 2013","Acting Abilities: 

Acting Skill - 4.7 Stars 
Overall Versatility - 4.6 Stars
Role Transformation - 4.8 Stars

Awards & Nominations: 

Oscars: 2
Oscar Nominations: 6
BAFTA Awards: 1
BAFTA Nominations: 8
Golden Globes: 3
Golden Globe Nominations: 12

Greatest Performances:

""Educated Rita"" - Level of Difficulty - 4.8 Stars
""The Cider House Rules"" - Level of Difficulty - 4.7 Stars
""Hannah and Her Sisters"" - Level of Difficulty - 4.6 Stars","Michael Caine","Actor, <a href=""http://www.imdb.com/title/tt0468569"">The Dark Knight</a>","1933-03-14"


        "15","nm0000071","Thu Nov 15 11:57:33 2012","Mon Aug 26 21:44:47 2013","Acting Abilities: 

Acting Skill - 4.7 Stars 
Overall Versatility - 4.5 Stars
Role Transformation - 4.6 Stars

Awards & Nominations: 

Oscars: 1
Oscar Nominations: 5
BAFTA Awards: 0
BAFTA Nominations: 2
Golden Globes: 1
Golden Globe Nominations: 3

Greatest Performances: 

""It's a Wonderful Life"" - Level of Difficulty - 4.6 Stars
""A Philadelphia Story"" - Level of Difficulty - 4.7 Stars
""Mr. Smith…...Washington"" - Level of Difficulty - 4.7 Stars","James Stewart","Actor, <a href=""http://www.imdb.com/title/tt0047396"">Rear Window</a>","1908-05-20"


        "16","nm0000576","Wed Nov 14 16:06:49 2012","Sat Jun 29 15:05:58 2013","Acting Abilities: 

Acting Skill - 5 Stars 
Overall Versatility - 5 Stars
Role Transformation - 5 Stars

Awards & Nominations:

Oscars: 2
Oscar Nominations: 5
BAFTA Awards: 0
BAFTA Nominations: 3
Golden Globes: 1
Golden Globe Nominations: 5

Greatest Performances: 

""Milk"" - Level of Difficulty - 5 Stars
""I Am Sam"" - Level of Difficulty - 5 Stars
""Mystic River"" - Level of Difficulty - 5 Stars","Sean Penn","Actor, <a href=""http://www.imdb.com/title/tt0327056"">Mystic River</a>","1960-08-17"


        "17","nm0000245","Thu Nov 15 12:09:30 2012","Tue May 20 12:34:09 2014","Acting Abilities: 

Acting Skill - 5 Stars 
Overall Versatility - 4.8 Stars
Role Transformation - 4.8 Stars

Awards & Nominations:

Oscars: 1
Oscar Nominations: 4
BAFTA Awards: 0
BAFTA Nominations: 2
Golden Globes: 4
Golden Globe Nominations: 10

Greatest Performances: 

""The Fisher King"" - Level of Difficulty - 4.8 Stars
""Good Will Hunting"" - Level of Difficulty - 4.7 Stars
""Dead Poets Society"" - Level of Difficulty - 4.7 Stars","Robin Williams","Actor, <a href=""http://www.imdb.com/title/tt0119217"">Good Will Hunting</a>","1951-07-21"


        "18","nm0000380","Wed Nov 14 16:03:13 2012","Mon Feb 23 16:34:26 2015","Acting Abilities: 

Acting Skill - 4.8 Stars 
Overall Versatility - 4.7 Stars
Role Transformation - 4.8 Stars

Awards & Nominations: 

Oscars: 1
Oscar Nominations: 7
BAFTA Awards: 1
BAFTA Nominations: 3
Golden Globes: 4
Golden Globe Nominations: 7

Greatest Performances:

""The Apostle"" - Level of Difficulty - 4.8 Stars                  
""Tender Mercies"" - Level of Difficulty - 4.6 Stars
""Lonesome Dove"" - Level of Difficulty - 4.7 Stars","Robert Duvall","Actor, <a href=""http://www.imdb.com/title/tt0071562"">The Godfather: Part II</a>","1931-01-05"


        "19","nm0000151","Wed Nov 14 16:06:05 2012","Sat Mar 14 15:39:06 2015","Acting Abilities: 

Acting Skill - 4.8 Stars 
Overall Versatility - 4.6 Stars
Role Transformation - 4.7 Stars

Awards & Nominations: 

Oscars: 1
Oscar Nominations: 5
BAFTA Awards: 0
BAFTA Nominations: 0
Golden Globes: 1
Golden Globe Nominations: 5

Greatest Performances:

""Glory"" - Level of Difficulty - 4.6 Stars                  
""Million Dollar Baby' - Level of Difficulty - 4.7 Stars
""The Shawshank Redemption"" - Level of Difficulty - 4.6 Stars","Morgan Freeman","Actor, <a href=""http://www.imdb.com/title/tt0111161"">The Shawshank Redemption</a>","1937-06-01"


        "20","nm0000313","Thu Nov 15 11:54:11 2012","Tue Jun 24 12:58:15 2014","Acting Abilities: 

Acting Skill - 4.9 Stars 
Overall Versatility - 4.8 Stars
Role Transformation - 5 Stars

Awards & Nominations: 

Oscars: 1
Oscar Nominations: 6
BAFTA Awards: 0
BAFTA Nominations: 2
Golden Globes: 1
Golden Globe Nominations: 4

Greatest Performances: 

""Starman"" - Level of Difficulty - 4.6 Stars
""True Grit"" - Level of Difficulty - 4.7 Stars
""Crazy Heart"" - Level of Difficulty - 5 Stars","Jeff Bridges","Actor, <a href=""http://www.imdb.com/title/tt0118715"">The Big Lebowski</a>","1949-12-04"


        "21","nm0001627","Sat Jun 15 08:19:21 2013","Tue Jul  2 14:04:17 2013","Acting Abilities: 

Acting Skill - 4.7 Stars 
Overall Versatility - 4.7 Stars
Role Transformation - 4.8 Stars

Awards & Nominations:

Oscars: 1
Oscar Nominations: 2
BAFTA Awards: 1
BAFTA Nominations: 6
Golden Globes: 1
Golden Globe Nominations: 7

Greatest Performances: 

""Lilies of the Field"" - Level of Difficulty - 4.7 Stars
""The Defiant Ones"" - Level of Difficulty - 4.6 Stars
""In the Heat of the Night"" - Level of Difficulty - 4.6 Stars","Sidney Poitier","Actor, <a href=""http://www.imdb.com/title/tt0061811"">In the Heat of the Night</a>","1927-02-20"


        "22","nm0000564","Thu Nov 15 11:48:38 2012","Sat Sep 28 19:46:59 2013","Acting Abilities: 

Acting Skill - 4.8 Stars 
Overall Versatility - 4.7 Stars
Role Transformation - 4.8 Stars

Awards & Nominations:

Oscars: 0
Oscar Nominations: 8
BAFTA Awards: 1
BAFTA Nominations: 4
Golden Globes: 4
Golden Globe Nominations: 11

Greatest Performances: 

""Becket"" - Level of Difficulty - 4.7 Stars
""The Lion in Winter"" - Level of Difficulty - 4.7 Stars
""Lawrence of Arabia"" - Level of Difficulty - 4.8 Stars","Peter O'Toole","Actor, <a href=""http://www.imdb.com/title/tt0056172"">Lawrence of Arabia</a>","1932-08-02"


        "23","nm0000432","Wed Nov 14 16:04:01 2012","Fri Oct 11 12:34:00 2013","Acting Abilities: 

Acting Skill - 4.7 Stars 
Overall Versatility - 4.6 Stars
Role Transformation - 4.7 Stars

Awards & Nominations: 

Oscars: 2
Oscar Nominations: 5
BAFTA Awards: 3
BAFTA Nominations: 7
Golden Globes: 3
Golden Globe Nominations: 8

Greatest Performances:

""Unforgiven"" - Level of Difficulty - 4.6 Stars
""Mississippi Burning"" - Level of Difficulty - 4.7 Stars                  
""The French Connection"" - Level of Difficulty - 4.7 Stars","Gene Hackman","Actor, <a href=""http://www.imdb.com/title/tt0105695"">Unforgiven</a>","1930-01-30"


        "24","nm0000142","Thu Nov 15 11:49:55 2012","Thu Oct 31 15:00:14 2013","Acting Abilities: 

Acting Skill - 4.5 Stars 
Overall Versatility - 4.2 Stars
Role Transformation - 4.6 Stars

Awards & Nominations:

Oscars: 2 (Directing)
Oscar Nominations: 7 (6 for Directing)
BAFTA Awards: 0
BAFTA Nominations: 3 (Directing)
Golden Globes: 3 (Directing) 
Golden Globe Nominations: 12 (Directing)

Greatest Performances: 

""Unforgiven"" - Level of Difficulty - 4.4 Stars
""Million Dollar Baby"" - Level of Difficulty - 4.5 Stars
""The Good, the Bad, and the Ugly"" - Level of Difficulty - 4.4 Stars","Clint Eastwood","Actor, <a href=""http://www.imdb.com/title/tt0405159"">Million Dollar Baby</a>","1930-05-31"


        "25","nm0000169","Wed Nov 14 16:08:45 2012","Tue Nov  4 21:05:57 2014","Acting Abilities: 

Acting Skill - 4.8 Stars 
Overall Versatility - 4.6 Stars
Role Transformation - 4.7 Stars

Awards & Nominations: 

Oscars: 1
Oscar Nominations: 4
BAFTA Awards: 0
BAFTA Nominations: 4
Golden Globes: 1
Golden Globe Nominations: 4

Greatest Performances: 

""Lincoln"" - Level of Difficulty - 4.7 Stars
""The Fugitive"" - Level of Difficulty - 4.2 Stars
""In the Valley of Elah"" - Level of Difficulty - 4.8 Stars","Tommy Lee Jones","Actor, <a href=""http://www.imdb.com/title/tt0477348"">No Country for Old Men</a>","1946-09-15"


        "26","nm0001426","Thu Nov 15 11:47:53 2012","Sat Jan  2 13:29:23 2016","Acting Abilities: 

Acting Skill - 5 Stars 
Overall Versatility - 4.8 Stars
Role Transformation - 5 Stars

Awards & Nominations: 

Oscars: 1
Oscar Nominations: 4
BAFTA Awards: 2
BAFTA Nominations: 4
Golden Globes: 2
Golden Globe Nominations: 8

Greatest Performances: 

""Gandhi"" - Level of Difficulty - 5 Stars
""Sexy Beast"" - Level of Difficulty - 4.6 Stars
""House of Sand and Fog"" - Level of Difficulty - 4.7 Stars","Ben Kingsley","Actor, <a href=""http://www.imdb.com/title/tt0108052"">Schindler's List</a>","1943-12-31"


        "27","nm0000138","Wed Nov 14 16:07:27 2012","Sat Sep 10 10:53:08 2016","Acting Abilities: 

Acting Skill - 4.9 Stars 
Overall Versatility - 4.9 Stars
Role Transformation - 4.8 Stars

Awards & Nominations:

Oscars: 1
Oscar Nominations: 6 (1 for Producing)
BAFTA Awards: 1
BAFTA Nominations: 4
Golden Globes: 2
Golden Globe Nominations: 11

Greatest Performances: 

""The Revenant"" - Level of Difficulty - 4.9 Stars
""The Wolf of Wall Street"" - Level of Difficulty - 4.7 Stars
""What's Eating Gilbert Grape"" - Level of Difficulty - 5 Stars","Leonardo DiCaprio","Actor, <a href=""http://www.imdb.com/title/tt1375666"">Inception</a>","1974-11-11"


        "28","nm0000128","Sat Nov 24 22:56:11 2012","Tue Jun 24 13:00:46 2014","Acting Abilities: 

Acting Skill - 4.8 Stars 
Overall Versatility - 4.7 Stars
Role Transformation - 5 Stars

Awards & Nominations: 

Oscars: 1
Oscar Nominations: 3
BAFTA Awards: 1
BAFTA Nominations: 3
Golden Globes: 1
Golden Globe Nominations: 5

Greatest Performances: 

""Gladiator"" - Level of Difficulty - 5 Stars
""The Insider"" - Level of Difficulty - 4.8 Stars
""A Beautiful Mind"" - Level of Difficulty - 4.8 Stars","Russell Crowe","Actor, <a href=""http://www.imdb.com/title/tt0172495"">Gladiator</a>","1964-04-07"


        "29","nm0000450","Wed Nov 14 16:08:03 2012","Thu Oct 31 20:49:31 2013","Acting Abilities: 

Acting Skill - 5 Stars 
Overall Versatility - 5 Stars
Role Transformation - 5 Stars

Awards & Nominations: 

Oscars: 1
Oscar Nominations: 4
BAFTA Awards: 1
BAFTA Nominations: 5
Golden Globes: 1
Golden Globe Nominations: 5

Greatest Performances: 

""Capote"" - Level of Difficulty - 5 Stars
""Doubt"" - Level of Difficulty - 4.8 Stars
""The Master"" - Level of Difficulty - 4.8 Stars","Philip Seymour Hoffman","Actor, <a href=""http://www.imdb.com/title/tt0379725"">Capote</a>","1967-07-23"


        "30","nm0000228","Wed Nov 14 16:10:03 2012","Fri Feb 20 14:56:23 2015","Acting Abilities: 

Acting Skill - 5 Stars 
Overall Versatility - 4.8 Stars
Role Transformation - 4.7 Stars

Awards & Nominations: 

Oscars: 2
Oscar Nominations: 2
BAFTA Awards: 1
BAFTA Nominations: 3
Golden Globes: 1
Golden Globe Nominations: 8

Greatest Performances: 

""Se7en"" - Level of Difficulty - 4.8 Stars
""American Beauty"" - Level of Difficulty - 5 Stars
""The Usual Suspects"" - Level of Difficulty - 4.8 Stars","Kevin Spacey","Actor, <a href=""http://www.imdb.com/title/tt0169547"">American Beauty</a>","1959-07-26"


        "31","nm0000007","Thu Nov 15 11:45:41 2012","Tue Jun 24 13:02:30 2014","Acting Abilities: 

Acting Skill - 4.7 Stars 
Overall Versatility - 4.5 Stars
Role Transformation - 4.6 Stars

Awards & Nominations:

Oscars: 1
Oscar Nominations: 3
BAFTA Awards: 0
BAFTA Nominations: 1
Golden Globes: 0
Golden Globe Nominations: 0

Greatest Performances: 

""Casablanca"" - Level of Difficulty - 4.6 Stars
""The Caine Mutiny"" - Level of Difficulty - 4.6 Stars
""The African Queen"" - Level of Difficulty - 4.7 Stars","Humphrey Bogart","Actor, <a href=""http://www.imdb.com/title/tt0034583"">Casablanca</a>","1899-12-25"


        "32","nm0000060","Thu Nov 15 12:06:58 2012","Tue Jun 24 12:59:04 2014","Acting Abilities: 

Acting Skill - 4.6 Stars 
Overall Versatility - 4.5 Stars
Role Transformation - 4.7 Stars

Awards & Nominations: 

Oscars: 1
Oscar Nominations: 5
BAFTA Awards: 0
BAFTA Nominations: 2
Golden Globes: 3
Golden Globe Nominations: 6

Greatest Performances: 

""To Kill a Mockingbird"" - Level of Difficulty - 4.6 Stars
""The Boys from Brazil"" - Level of Difficulty - 4.7 Stars
""Gentleman's Agreement"" - Level of Difficulty - 4.6 Stars","Gregory Peck","Actor, <a href=""http://www.imdb.com/title/tt0056592"">To Kill a Mockingbird</a>","1916-04-05"


        "33","nm0000022","Thu Nov 15 12:04:32 2012","Mon Aug 26 21:20:41 2013","Acting Abilities: 

Acting Skill - 4.6 Stars 
Overall Versatility - 4.5 Stars
Role Transformation - 4.5 Stars

Awards & Nominations:

Oscars: 1
Oscar Nominations: 3
BAFTA Awards: 0
BAFTA Nominations: 0
Golden Globes: 0
Golden Globe Nominations: 2

Greatest Performances: 

""Gone with the Wind"" - Level of Difficulty - 4.4 Stars
""Mutiny on the Bounty"" - Level of Difficulty - 4.2 Stars
""It Happened One Night"" - Level of Difficulty - 4.6 Stars","Clark Gable","Actor, <a href=""http://www.imdb.com/title/tt0025316"">It Happened One Night</a>","1901-02-01"


        "34","nm0000011","Fri Apr 12 09:05:46 2013","Tue Jun 24 13:03:17 2014","Acting Abilities: 

Acting Skill - 4.7 Stars 
Overall Versatility - 4.6 Stars
Role Transformation - 4.8 Stars

Awards & Nominations:

Oscars: 2
Oscar Nominations: 5
BAFTA Awards: 0
BAFTA Nominations: 0
Golden Globes: 1
Golden Globe Nominations: 2

Greatest Performances: 

""High Noon"" - Level of Difficulty - 4.7 Stars
""Sergeant York"" - Level of Difficulty - 4.7 Stars
""Mr. Deeds Goes to Town"" - Level of Difficulty - 4.6 Stars","Gary Cooper","Actor, <a href=""http://www.imdb.com/title/tt0044706"">High Noon</a>","1901-05-07"


        "35","nm0001715","Thu Nov 15 11:46:36 2012","Mon Aug 26 21:40:03 2013","Acting Abilities: 

Acting Skill - 4.7 Stars 
Overall Versatility - 4.7 Stars
Role Transformation - 4.8 Stars

Awards & Nominations:

Oscars: 1
Oscar Nominations: 4
BAFTA Awards: 0
BAFTA Nominations: 3
Golden Globes: 2
Golden Globe Nominations: 5

Greatest Performances: 

""Patton"" - Level of Difficulty - 4.6 Stars
""The Hustler"" - Level of Difficulty - 4.7 Stars
""The Hospital"" - Level of Difficulty - 4.8 Stars","George C. Scott","Actor, <a href=""http://www.imdb.com/title/tt0057012"">Dr. Strangelove or: How I Learned to Stop Worrying and Love the Bomb</a>","1927-10-18"


        "36","nm0001673","Thu Nov 15 11:59:10 2012","Mon Jul  1 09:44:50 2013","Acting Abilities: 

Acting Skill - 4.7 Stars 
Overall Versatility - 4.7 Stars
Role Transformation - 4.8 Stars

Awards & Nominations: 

Oscars: 2
Oscar Nominations: 3
BAFTA Awards: 0
BAFTA Nominations: 2
Golden Globes: 0
Golden Globe Nominations: 5

Greatest Performances: 

""Julia"" - Level of Difficulty - 4.8 Stars
""Melvin and Howard"" - Level of Difficulty - 4.7 Stars
""All the President's Men"" - Level of Difficulty - 4.6 Stars","Jason Robards","Actor, <a href=""http://www.imdb.com/title/tt0064116"">Once Upon a Time in the West</a>","1922-07-26"


        "37","nm0000634","Wed Oct 30 12:24:00 2013","Wed Oct 30 12:47:06 2013","Acting Abilities: 

Acting Skill - 4.7 Stars 
Overall Versatility - 4.7 Stars
Role Transformation - 4.8 Stars

Awards & Nominations:

Oscars: 0
Oscar Nominations: 3
BAFTA Awards: 1
BAFTA Nominations: 4
Golden Globes: 1
Golden Globe Nominations: 5

Greatest Performances: 

""Being There"" - Level of Difficulty - 4.7 Stars
""The Running, Jumping & Standing Still Film"" - Level of Difficulty - 4.6 Stars
""Doctor Strangelove or: How I Learned to Stop Worrying and Love the Bomb"" - Level of Difficulty - 4.8 Stars","Peter Sellers","Actor, <a href=""http://www.imdb.com/title/tt0057012"">Dr. Strangelove or: How I Learned to Stop Worrying and Love the Bomb</a>","1925-09-08"


        "38","nm0000063","Wed Jun 22 23:34:14 2016","Thu Jul 21 06:57:19 2016","Acting Abilities: 

Acting Skill - 4.8 Stars 
Overall Versatility - 4.8 Stars
Role Transformation - 4.9 Stars

Awards & Nominations:

Oscars: 2
Oscar Nominations: 4
BAFTA Awards: 0
BAFTA Nominations: 2
Golden Globes: 0
Golden Globe Nominations: 5

Greatest Performances: 

""Lust for Life"" - Level of Difficulty - 4.7 Stars
""Viva Zapata!"" - Level of Difficulty - 4.9 Stars
""Alexis Zorbas"" - Level of Difficulty - 4.8 Stars","Anthony Quinn","Actor, <a href=""http://www.imdb.com/title/tt0056172"">Lawrence of Arabia</a>","1915-04-21"


        "39","nm0000122","Thu Nov 15 12:02:23 2012","Tue Jun 24 13:04:19 2014","Acting Abilities: 

Acting Skill - 4.8 Stars 
Overall Versatility - 4.7 Stars
Role Transformation - 5 Stars

Awards & Nominations: 

Oscars: 1 (Music)
Oscar Nominations: 4 (3 for Music/Writing)
BAFTA Awards: 0
BAFTA Nominations: 0
Golden Globes: 0
Golden Globe Nominations: 0

Greatest Performances: 

""City Lights"" - Level of Difficulty - 4.8 Stars
""Modern Times"" - Level of Difficulty - 4.7 Stars
""The Great Dictator"" - Level of Difficulty - 4.7 Stars","Charles Chaplin","Writer, <a href=""http://www.imdb.com/title/tt0027977"">Modern Times</a>","1889-04-16"


        "40","nm0000026","Fri Apr 12 09:01:32 2013","Mon Jul  8 09:39:23 2013","Acting Abilities: 

Acting Skill - 4.5 Stars 
Overall Versatility - 4.3 Stars
Role Transformation - 4.5 Stars

Awards & Nominations:

Oscars: 0
Oscar Nominations: 2
BAFTA Awards: 0
BAFTA Nominations: 1
Golden Globes: 0
Golden Globe Nominations: 4

Greatest Performances: 

""Charade"" - Level of Difficulty - 4.4 Stars
""Penny Serenade"" - Level of Difficulty - 4.4 Stars
""Not But the Lonely Heart"" - Level of Difficulty - 4.5 Stars","Cary Grant","Actor, <a href=""http://www.imdb.com/title/tt0053125"">North by Northwest</a>","1904-01-18"


        "41","nm0000010","Fri Apr 12 09:05:31 2013","Tue Jun 24 13:04:33 2014","Acting Abilities: 

Acting Skill - 4.7 Stars 
Overall Versatility - 4.6 Stars
Role Transformation - 4.7 Stars

Awards & Nominations:

Oscars: 1
Oscar Nominations: 3
BAFTA Awards: 0
BAFTA Nominations: 0
Golden Globes: 0
Golden Globe Nominations: 0

Greatest Performances: 

""Love Me or Leave Me"" - Level of Difficulty - 4.6 Stars
""Yankee Doodle Dandy"" - Level of Difficulty - 4.8 Stars
""Angles with Dirty Faces"" - Level of Difficulty - 4.8 Stars","James Cagney","Actor, <a href=""http://www.imdb.com/title/tt0042041"">White Heat</a>","1899-07-17"


        "42","nm0000009","Mon Jul  8 09:37:46 2013","Thu Oct 31 20:46:37 2013","Acting Abilities: 

Acting Skill - 4.6 Stars 
Overall Versatility - 4.6 Stars
Role Transformation - 4.7 Stars

Awards & Nominations:

Oscars: 0
Oscar Nominations: 7
BAFTA Awards: 2
BAFTA Nominations: 4
Golden Globes: 2
Golden Globe Nominations: 7

Greatest Performances: 

""Equus"" - Level of Difficulty - 4.6 Stars
""My Cousin Rachel"" - Level of Difficulty - 4.7 Stars
""Who's Afraid of Virginia Woolf?"" - Level of Difficulty - 4.6 Stars","Richard Burton","Actor, <a href=""http://www.imdb.com/title/tt0061184"">Who's Afraid of Virginia Woolf?</a>","1925-11-10"


        "43","nm0002075","Thu Nov 15 11:55:44 2012","Mon Jul  1 09:48:42 2013","Acting Abilities: 

Acting Skill - 4.7 Stars 
Overall Versatility - 4.6 Stars
Role Transformation - 4.7 Stars

Awards & Nominations:

Oscars: 1
Oscar Nominations: 2
BAFTA Awards: 5
BAFTA Nominations: 7
Golden Globes: 1
Golden Globe Nominations: 2

Greatest Performances: 

""Network"" - Level of Difficulty - 4.8 Stars
""Sunday Bloody Sunday - Level of Difficulty - 4.6 Stars
""The Flight of the Phoenix"" - Level of Difficulty - 4.6 Stars","Peter Finch","Actor, <a href=""http://www.imdb.com/title/tt0074958"">Network</a>","1916-09-28"


        "44","nm0000044","Sat Jun 29 09:45:09 2013","Mon Aug 26 21:42:29 2013","Acting Abilities: 

Acting Skill - 4.6 Stars 
Overall Versatility - 4.5 Stars
Role Transformation - 4.6 Stars

Awards & Nominations:

Oscars: 1
Oscar Nominations: 4
BAFTA Awards: 2
BAFTA Nominations: 4
Golden Globes: 1
Golden Globe Nominations: 5

Greatest Performances: 

""Atlantic City"" - Level of Difficulty - 4.6 Stars 
""Elmer Gantry"" - Level of Difficulty - 4.8 Stars
""From Here to Eternity"" - Level of Difficulty - 4.6 Stars","Burt Lancaster","Actor, <a href=""http://www.imdb.com/title/tt0045793"">From Here to Eternity</a>","1913-11-02"


        "45","nm0000020","Thu Nov 15 11:46:27 2012","Tue Jul 16 13:50:42 2013","Acting Abilities: 

Acting Skill - 4.6 Stars 
Overall Versatility - 4.6 Stars
Role Transformation - 4.7 Stars

Awards & Nominations:

Oscars: 1
Oscar Nominations: 3
BAFTA Awards: 1
BAFTA Nominations: 2
Golden Globes: 1
Golden Globe Nominations: 2

Greatest Performances: 

""12 Angry Men"" - Level of Difficulty - 4.7 Stars
""On Golden Pond"" - Level of Difficulty - 4.6 Stars
""The Grapes of Wrath"" - Level of Difficulty - 4.6 Stars","Henry Fonda","Actor, <a href=""http://www.imdb.com/title/tt0064116"">Once Upon a Time in the West</a>","1905-05-16"


        "46","nm0000078","Thu Nov 15 11:57:46 2012","Tue Jun 24 13:05:22 2014","Acting Abilities: 

Acting Skill - 4.6 Stars 
Overall Versatility - 4.4 Stars
Role Transformation - 4.7 Stars

Awards & Nominations:

Oscars: 1
Oscar Nominations: 3
BAFTA Awards: 0
BAFTA Nominations: 0
Golden Globes: 1
Golden Globe Nominations: 1

Greatest Performances: 

""True Grit"" - Level of Difficulty - 4.7 Stars
""The Alamo"" - Level of Difficulty - 4.7 Stars
""Sands of Iwo Jima"" - Level of Difficulty - 4.6 Stars","John Wayne","Actor, <a href=""http://www.imdb.com/title/tt0049730"">The Searchers</a>","1907-05-26"


        "47","nm0000027","Thu Nov 15 11:52:55 2012","Wed Jun  1 19:32:04 2016","Acting Abilities: 

Acting Skill - 4.6 Stars 
Overall Versatility - 4.6 Stars
Role Transformation - 4.6 Stars

Awards & Nominations: 

Oscars: 1
Oscar Nominations: 5
BAFTA Awards: 3
BAFTA Nominations: 7
Golden Globes: 1
Golden Globe Nominations: 3

Greatest Performances: 

""Star Wars"" - Level of Difficulty - 4.2 Stars
""Little Dorrit"" - Level of Difficulty - 4.6 Stars
""The Bridge on the River Kwai"" - Level of Difficulty - 4.7 Stars","Alec Guinness","Actor, <a href=""http://www.imdb.com/title/tt0076759"">Star Wars: Episode IV - A New Hope</a>","1914-04-02"


        "48","nm0000034","Wed Oct 30 12:23:01 2013","Thu Oct 31 20:46:31 2013","Acting Abilities: 

Acting Skill - 4.6 Stars 
Overall Versatility - 4.6 Stars
Role Transformation - 4.7 Stars

Awards & Nominations:

Oscars: 1
Oscar Nominations: 3
BAFTA Awards: 0
BAFTA Nominations: 2
Golden Globes: 0
Golden Globe Nominations: 0

Greatest Performances: 

""Network"" - Level of Difficulty - 4.7 Stars
""Stalag 17"" - Level of Difficulty - 4.6 Stars
""Sunset Blvd."" - Level of Difficulty - 4.6 Stars","William Holden","Actor, <a href=""http://www.imdb.com/title/tt0050212"">The Bridge on the River Kwai</a>","1918-04-17"


        "49","nm0000125","Thu Nov 15 11:59:20 2012","Wed Jul 10 18:41:56 2013","Acting Abilities: 

Acting Skill - 4.6 Stars 
Overall Versatility - 4.4 Stars
Role Transformation - 4.5 Stars

Awards & Nominations:

Oscars: 1
Oscar Nominations: 1
BAFTA Awards: 1
BAFTA Nominations: 4
Golden Globes: 1
Golden Globe Nominations: 1

Greatest Performances: 

""The Untouchables"" - Level of Difficulty - 4.6 Stars
""The Russia House"" - Level of Difficulty - 4.7 Stars
""The Family Business"" - Level of Difficulty - 4.7 Stars","Sean Connery","Actor, <a href=""http://www.imdb.com/title/tt0055928"">Dr. No</a>","1930-08-25"


        "50","nm0001626","Thu Nov 15 11:51:23 2012","Tue Jun 24 13:05:52 2014","Acting Abilities: 

Acting Skill - 4.6 Stars 
Overall Versatility - 4.4 Stars
Role Transformation - 4.7 Stars

Awards & Nominations:

Oscars: 1
Oscar Nominations: 2
BAFTA Awards: 1
BAFTA Nominations: 1
Golden Globes: 1
Golden Globe Nominations: 3

Greatest Performances: 

""Beginners"" - Level of Difficulty - 4.7 Stars
""The Last Station"" - Level of Difficulty - 4.7 Stars
""The Sound of Music"" - Level of Difficulty - 4.5 Stars","Christopher Plummer","Actor, <a href=""http://www.imdb.com/title/tt1049413"">Up</a>","1929-12-13"


        "51","nm0000273","Thu Nov 15 11:56:56 2012","Tue Jul  2 14:16:46 2013","Acting Abilities: 

Acting Skill - 4.7 Stars 
Overall Versatility - 4.6 Stars
Role Transformation - 4.7 Stars

Awards & Nominations:

Oscars: 1
Oscar Nominations: 4
BAFTA Awards: 1
BAFTA Nominations: 3
Golden Globes: 1
Golden Globe Nominations: 6

Greatest Performances: 

""Argo"" - Level of Difficulty - 4.6 Stars
""Little Miss Sunshine"" - Level of Difficulty - 4.7 Stars
""The Heart Is a Lonely Hunter"" - Level of Difficulty - 4.5 Stars","Alan Arkin","Actor, <a href=""http://www.imdb.com/title/tt1024648"">Argo</a>","1934-03-26"


        "52","nm0000686","Thu Nov 15 11:48:11 2012","Tue Jun 24 13:06:48 2014","Acting Abilities: 

Acting Skill - 4.7 Stars 
Overall Versatility - 4.6 Stars
Role Transformation - 4.6 Stars

Awards & Nominations:

Oscars: 1
Oscar Nominations: 2
BAFTA Awards: 1
BAFTA Nominations: 2
Golden Globes: 0
Golden Globe Nominations: 1

Greatest Performances: 

""The Deer Hunter"" - Level of Difficulty - 4.8 Stars
""King of New York"" - Level of Difficulty - 4.6 Stars
""Catch Me If You Can"" - Level of Difficulty - 4.7 Stars","Christopher Walken","Actor, <a href=""http://www.imdb.com/title/tt0264464"">Catch Me If You Can</a>","1943-03-31"


        "53","nm0000140","Thu Nov 15 11:59:31 2012","Wed Jul 23 16:26:02 2014","Acting Abilities: 

Acting Skill - 4.6 Stars 
Overall Versatility - 4.5 Stars
Role Transformation - 4.5 Stars

Awards & Nominations:

Oscars: 2 (1 for Producing )
Oscar Nominations: 2 (1 for Producing)
BAFTA Awards: 0
BAFTA Nominations: 2
Golden Globes: 1
Golden Globe Nominations: 7

Greatest Performances: 

""Wall Street"" - Level of Difficulty - 4.7 Stars
""Wonder Boys"" - Level of Difficulty - 4.5 Stars
""Fatal Attraction"" - Level of Difficulty - 4.4 Stars","Michael Douglas","Actor, <a href=""http://www.imdb.com/title/tt0119174"">The Game</a>","1944-09-25"


        "54","nm0000582","Thu Nov 15 11:47:37 2012","Mon Oct 28 12:06:31 2013","Acting Abilities: 

Acting Skill - 4.7 Stars 
Overall Versatility - 4.5 Stars
Role Transformation - 4.5 Stars

Awards & Nominations:

Oscars: 1
Oscar Nominations: 2
BAFTA Awards: 1
BAFTA Nominations: 1
Golden Globes: 0
Golden Globe Nominations: 2

Greatest Performances: 

""Casino"" - Level of Difficulty - 4.5 Stars
""Goodfellas"" - Level of Difficulty - 4.7 Stars
""Raging Bull"" - Level of Difficulty - 4.6 Stars","Joe Pesci","Actor, <a href=""http://www.imdb.com/title/tt0099685"">Goodfellas</a>","1943-02-09"


        "55","nm0005212","Thu Feb 14 14:18:05 2013","Fri May 23 21:27:38 2014","Acting Abilities: 

Acting Skill - 4.7 Stars 
Overall Versatility - 4.6 Stars
Role Transformation - 4.8 Stars

Awards & Nominations:

Oscars: 0
Oscar Nominations: 2
BAFTA Awards: 0
BAFTA Nominations: 4 (1 for Writing) 
Golden Globes: 1
Golden Globe Nominations: 3

Greatest Performances: 

""Richard III"" - Level of Difficulty - 4.6 Stars
""Gods and Monsters"" - Level of Difficulty - 4.6 Stars
""The Lord….Rings: Fellowship of…Ring"" - Level of Difficulty - 4.7 Stars","Ian McKellen","Actor, <a href=""http://www.imdb.com/title/tt0120737"">The Lord of the Rings: The Fellowship of the Ring</a>","1939-05-25"


        "56","nm0000685","Thu Nov 15 12:00:50 2012","Mon Oct 28 12:08:31 2013","Jon Voight came to prominence in the late 1960s with his performance as a would-be gigolo in Midnight Cowboy (1969). During the 1970s, he became a Hollywood star with his portrayals of a businessman in Deliverance (1972), and a paraplegic Vietnam veteran in Coming Home (1978).

Acting Abilities: 

Acting Skill - 4.7 Stars 
Overall Versatility - 4.7 Stars
Role Transformation - 4.8 Stars

Awards & Nominations:

Oscars: 1
Oscar Nominations: 4
BAFTA Awards: 1
BAFTA Nominations: 1
Golden Globes: 3
Golden Globe Nominations: 9

Greatest Performances: 

""Coming Home"" - Level of Difficulty - 4.7 Stars
""Runaway Train"" - Level of Difficulty - 4.6 Stars
""Midnight Cowboy"" - Level of Difficulty - 4.6 Stars","Jon Voight","Actor, <a href=""http://www.imdb.com/title/tt0117060"">Mission: Impossible</a>","1938-12-29"


        "57","nm0001691","Thu Nov 15 11:52:22 2012","Fri May 23 21:21:09 2014","Acting Abilities: 

Acting Skill - 4.7 Stars 
Overall Versatility - 4.7 Stars
Role Transformation - 4.8 Stars

Awards & Nominations:

Oscars: 1
Oscar Nominations: 4
BAFTA Awards: 3
BAFTA Nominations: 5
Golden Globes: 2
Golden Globe Nominations: 5

Greatest Performances: 

""Shine"" - Level of Difficulty - 5 Stars
""Quills "" - Level of Difficulty - 4.8 Stars
""The King's Speech"" - Level of Difficulty - 4.5 Stars","Geoffrey Rush","Actor, <a href=""http://www.imdb.com/title/tt0325980"">Pirates of the Caribbean: The Curse of the Black Pearl</a>","1951-07-06"


        "58","nm0001215","Tue May 31 16:42:41 2016","Tue Jun 21 20:18:52 2016","Acting Abilities: 

Acting Skill - 4.7 Stars 
Overall Versatility - 4.6 Stars
Role Transformation - 4.8 Stars

Awards & Nominations:

Oscars: 0
Oscar Nominations: 5
BAFTA Awards: 2
BAFTA Nominations: 13
Golden Globes: 2
Golden Globe Nominations: 9

Greatest Performances:

""The Dresser"" - Level of Difficulty - 4.6 Stars
""Under the Volcano"" - Level of Difficulty - 4.6 Stars
""The Murder on the orient Express"" - Level of Difficulty - 4.7 Stars","Albert Finney","Actor, <a href=""http://www.imdb.com/title/tt0319061"">Big Fish</a>","1936-05-09"


        "59","nm0000460","Thu Nov 15 11:57:08 2012","Sat Sep 28 19:48:03 2013","Acting Abilities: 

Acting Skill - 4.7 Stars 
Overall Versatility - 4.6 Stars
Role Transformation - 4.6 Stars

Awards & Nominations:

Oscars: 1
Oscar Nominations: 1
BAFTA Awards: 0
BAFTA Nominations: 2
Golden Globes: 2
Golden Globe Nominations: 6

Greatest Performances: 

""Reversal of Fortune"" - Level of Difficulty - 4.8 Stars
""Brideshead Revisited"" - Level of Difficulty - 4.6 Stars
""The French……Woman"" - Level of Difficulty - 4.6 Stars","Jeremy Irons","Actor, <a href=""http://www.imdb.com/title/tt0110357"">The Lion King</a>","1948-09-19"


        "60","nm0000849","Thu Nov 15 12:04:59 2012","Fri May 23 21:23:36 2014","Acting Abilities: 

Acting Skill - 5 Stars 
Overall Versatility - 4.8 Stars
Role Transformation - 5 Stars

Awards & Nominations:

Oscars: 1
Oscar Nominations: 3
BAFTA Awards: 1
BAFTA Nominations: 2
Golden Globes: 1
Golden Globe Nominations: 4

Greatest Performances: 

""Biutiful"" - Level of Difficulty - 4.8 Stars
""Before Night Falls"" - Level of Difficulty - 4.8 Stars
""No Country for Old Men"" - Level of Difficulty - 5 Stars","Javier Bardem","Actor, <a href=""http://www.imdb.com/title/tt0477348"">No Country for Old Men</a>","1969-03-01"


        "61","nm0005132","Thu Nov 15 11:47:09 2012","Tue Nov 26 14:40:17 2013","Acting Abilities: 

Acting Skill - 5 Stars 
Overall Versatility - 4.8 Stars
Role Transformation - 5 Stars

Awards & Nominations:

Oscars: 1
Oscar Nominations: 2
BAFTA Awards: 1
BAFTA Nominations: 2
Golden Globes: 1
Golden Globe Nominations: 2

Greatest Performances: 

""Candy"" - Level of Difficulty - 4.5 Stars
""The Dark Knight"" - Level of Difficulty - 5 Stars
""Brokeback Mountain"" - Level of Difficulty - 4.7 Stars","Heath Ledger","Actor, <a href=""http://www.imdb.com/title/tt0468569"">The Dark Knight</a>","1979-04-04"


        "62","nm0910607","Mon Feb 25 14:42:12 2013","Fri Feb 20 14:58:17 2015","Acting Abilities: 

Acting Skill - 5 Stars 
Overall Versatility - 4.8 Stars
Role Transformation - 4.8 Stars

Awards & Nominations:

Oscars: 2
Oscar Nominations: 2
BAFTA Awards: 2
BAFTA Nominations: 2
Golden Globes: 2
Golden Globe Nominations: 2

Greatest Performances: 

""Carnage"" - Level of Difficulty - 4.6 Stars
""Django Unchained"" - Level of Difficulty - 4.8 Stars
""Inglourious Bastards"" - Level of Difficulty - 5 Stars","Christoph Waltz","Actor, <a href=""http://www.imdb.com/title/tt1853728"">Django Unchained</a>","1956-10-04"


        "63","nm0000136","Wed Nov 14 16:04:08 2012","Tue Nov  4 21:06:31 2014","Acting Abilities: 

Acting Skill - 5 Stars 
Overall Versatility - 5 Stars
Role Transformation - 5 Stars

Awards & Nominations: 

Oscars: 0
Oscar Nominations: 3
BAFTA Awards: 0
BAFTA Nominations: 2
Golden Globes: 1
Golden Globe Nominations: 10

Greatest Performances:

""Ed Wood"" - Level of Difficulty - 5 Stars                  
""Donnie Brasco"" - Level of Difficulty - 4.8 Stars
""Edward Scissorhands"" - Level of Difficulty - 4.8 Stars","Johnny Depp","Actor, <a href=""http://www.imdb.com/title/tt0099487"">Edward Scissorhands</a>","1963-06-09"


        "64","nm0000146","Thu Nov 15 11:49:21 2012","Mon Feb 23 16:27:30 2015","Acting Abilities: 

Acting Skill - 4.9 Stars 
Overall Versatility - 4.8 Stars
Role Transformation - 4.9 Stars

Awards & Nominations:

Oscars: 0
Oscar Nominations: 2
BAFTA Awards: 1
BAFTA Nominations: 6
Golden Globes: 0
Golden Globe Nominations: 5

Greatest Performances: 

""Schindler's List"" - Level of Difficulty - 4.9 Stars
""The English Patient"" - Level of Difficulty - 4.8 Stars
""Harry Potter Series"" - Level of Difficulty - 4.7 Stars","Ralph Fiennes","Actor, <a href=""http://www.imdb.com/title/tt1201607"">Harry Potter and the Deathly Hallows: Part 2</a>","1962-12-22"


        "65","nm0004937","Thu Nov 15 11:54:27 2012","Tue Nov  4 21:08:02 2014","Acting Abilities: 

Acting Skill - 4.9 Stars 
Overall Versatility - 4.8 Stars
Role Transformation - 4.9 Stars

Awards & Nominations:

Oscars: 1
Oscar Nominations: 2
BAFTA Awards: 1
BAFTA Nominations: 2
Golden Globes: 1
Golden Globe Nominations: 3

Greatest Performances: 

""Ray"" - Level of Difficulty - 5 Stars
""Collateral"" - Level of Difficulty - 4.6 Stars
""Django Unchained"" - Level of Difficulty - 4.6 Stars","Jamie Foxx","Actor, <a href=""http://www.imdb.com/title/tt1853728"">Django Unchained</a>","1967-12-13"


        "66","nm0001618","Thu Nov 15 11:50:47 2012","Mon Feb 23 16:28:32 2015","Acting Abilities: 

Acting Skill - 4.9 Stars 
Overall Versatility - 4.9 Stars
Role Transformation - 4.9 Stars

Awards & Nominations:

Oscars: 0
Oscar Nominations: 3
BAFTA Awards: 0
BAFTA Nominations: 3
Golden Globes: 1
Golden Globe Nominations: 5

Greatest Performances: 

""Her"" - Level of Difficulty - 4.9 Stars
""The Master"" - Level of Difficulty - 4.8 Stars
""Walk the Line"" - Level of Difficulty - 4.8 Stars","Joaquin Phoenix","Actor, <a href=""http://www.imdb.com/title/tt0172495"">Gladiator</a>","1974-10-28"


        "67","nm0000115","Tue May 31 16:38:43 2016","Tue Jun 21 20:03:24 2016","Acting Abilities: 

Acting Skill - 4.9 Stars 
Overall Versatility - 4.8 Stars
Role Transformation - 4.9 Stars

Awards & Nominations:

Oscars: 1
Oscar Nominations: 2
BAFTA Awards: 0
BAFTA Nominations: 2
Golden Globes: 1
Golden Globe Nominations: 4

Greatest Performances:

""Adaptation"" - Level of Difficulty - 4.8 Stars 
""Moonstruck"" - Level of Difficulty - 4.7 Stars
""Leaving Las Vegas"" - Level of Difficulty - 4.9 Stars","Nicolas Cage","Actor, <a href=""http://www.imdb.com/title/tt0113627"">Leaving Las Vegas</a>","1964-01-07"


        "68","nm0000147","Thu Nov 15 11:52:37 2012","Wed Jul 10 19:11:06 2013","Acting Abilities: 

Acting Skill - 4.8 Stars 
Overall Versatility - 4.7 Stars
Role Transformation - 4.8 Stars

Awards & Nominations:

Oscars: 1
Oscar Nominations: 2
BAFTA Awards: 2
BAFTA Nominations: 5
Golden Globes: 1
Golden Globe Nominations: 2

Greatest Performances: 

""A Single Man"" - Level of Difficulty - 4.7 Stars
""The King's Speech"" - Level of Difficulty - 5 Stars
""Tinker Tailor Soldier Spy"" - Level of Difficulty - 4.7 Stars","Colin Firth","Actor, <a href=""http://www.imdb.com/title/tt1504320"">The King's Speech</a>","1960-09-10"


        "69","nm0000190","Fri Nov 28 09:14:11 2014","Fri Nov 28 09:19:00 2014","Acting Abilities: 

Acting Skill - 4.8 Stars 
Overall Versatility - 4.8 Stars
Role Transformation - 4.9 Stars

Awards & Nominations:

Oscars: 1
Oscar Nominations: 1 
BAFTA Awards: 0
BAFTA Nominations: 0
Golden Globes: 1
Golden Globe Nominations: 1

Greatest Performances: 

""Killer Joe"" - Level of Difficulty - 4.6 Stars
""True Detective"" - Level of Difficulty - 4.7 Stars
""Dallas Buyers Club"" - Level of Difficulty - 4.9 Stars","Matthew McConaughey","Actor, <a href=""http://www.imdb.com/title/tt0816692"">Interstellar</a>","1969-11-04"


        "70","nm0000168","Wed Nov 14 16:09:01 2012","Thu Jul 21 06:53:39 2016","Acting Abilities: 

Acting Skill - 4.7 Stars 
Overall Versatility - 4.6 Stars
Role Transformation - 4.6 Stars

Awards & Nominations:

Oscars: 0
Oscar Nominations: 1
BAFTA Awards: 1
BAFTA Nominations: 1
Golden Globes: 0
Golden Globe Nominations: 4

Greatest Performances: 

""Pulp Fiction"" - Level of Difficulty - 4.8 Stars
""Jackie Brown"" - Level of Difficulty - 4.7 Stars
""A Time to Kill"" - Level of Difficulty - 4.7 Stars","Samuel L. Jackson","Actor, <a href=""http://www.imdb.com/title/tt0110912"">Pulp Fiction</a>","1948-12-21"


        "71","nm0000288","Thu Nov 15 11:51:07 2012","Tue Jun 24 13:16:01 2014","Acting Abilities: 

Acting Skill - 4.7 Stars 
Overall Versatility - 4.7 Stars
Role Transformation - 4.8 Stars

Awards & Nominations:

Oscars: 1
Oscar Nominations: 2
BAFTA Awards: 0
BAFTA Nominations: 2
Golden Globes: 1
Golden Globe Nominations: 2

Greatest Performances: 

""The Fighter"" - Level of Difficulty - 4.7 Stars
""The Dark Knight"" - Level of Difficulty - 4.5 Stars
""American Hustle"" - Level of Difficulty - 4.6 Stars","Christian Bale","Actor, <a href=""http://www.imdb.com/title/tt0468569"">The Dark Knight</a>","1974-01-30"


        "72","nm0001125","Mon Jul 21 14:29:38 2014","Mon Jul 21 14:38:50 2014","Acting Abilities: 

Acting Skill - 4.8 Stars 
Overall Versatility - 4.8 Stars
Role Transformation - 4.9 Stars

Awards & Nominations:

Oscars: 1
Oscar Nominations: 2
BAFTA Awards: 1
BAFTA Nominations: 2
Golden Globes: 1
Golden Globe Nominations: 1

Greatest Performances: 

""Traffic"" - Level of Difficulty - 5.0 Stars
""21 Grams"" - Level of Difficulty - 4.9 Stars
""The Pledge"" - Level of Difficulty - 4.9 Stars","Benicio Del Toro","Actor, <a href=""http://www.imdb.com/title/tt0208092"">Snatch</a>","1967-02-19"


        "73","nm0000332","Tue Feb 26 14:46:27 2013","Sun Jul 19 17:11:13 2015","Acting Abilities: 

Acting Skill - 4.6 Stars 
Overall Versatility - 4.5 Stars
Role Transformation - 4.5 Stars

Awards & Nominations:

Oscars: 0
Oscar Nominations: 1
BAFTA Awards: 0
BAFTA Nominations: 2 
Golden Globes: 2
Golden Globe Nominations: 3

Greatest Performances: 

""The Rat Pack"" - Level of Difficulty - 4.4 Stars
""House of Lies"" - Level of Difficulty - 4.5 Stars
""Hotel Rwanda"" - Level of Difficulty - 4.6 Stars","Don Cheadle","Actor, <a href=""http://www.imdb.com/title/tt0395169"">Hotel Rwanda</a>","1964-11-29"


        "74","nm0000354","Thu Nov 15 11:50:34 2012","Mon Feb 29 19:06:54 2016","Acting Abilities: 

Acting Skill - 4.7 Stars 
Overall Versatility - 4.6 Stars
Role Transformation - 4.7 Stars

Awards & Nominations:

Oscars: 1 (Writing)
Oscar Nominations: 4 (1 for Writing)
BAFTA Awards: 0
BAFTA Nominations: 2
Golden Globes: 2
Golden Globe Nominations: 7 (1 for Writing)

Greatest Performances: 

""Invictus"" - Level of Difficulty - 4.7 Stars
""Good Will Hunting"" - Level of Difficulty - 4.7 Stars
""The Talented Mr. Ripley"" - Level of Difficulty - 4.7 Stars","Matt Damon","Actor, <a href=""http://www.imdb.com/title/tt0258463"">The Bourne Identity</a>","1970-10-08"


        "75","nm0000198","Thu Jun 20 08:23:54 2013","Fri Feb 20 14:59:40 2015","Acting Abilities: 

Acting Skill - 4.8 Stars 
Overall Versatility - 4.8 Stars
Role Transformation - 4.9 Stars

Awards & Nominations:

Oscars: 0
Oscar Nominations: 1
BAFTA Awards: 1 (1 for Writing)
BAFTA Nominations: 3 (1 for Writing) 
Golden Globes: 0
Golden Globe Nominations: 0

Greatest Performances: 

""Prick Up Your Ears"" - Level of Difficulty - 4.5 Stars
""Leon: The Professional"" - Level of Difficulty - 4.8 Stars
""Tinker Tailor Soldier Spy"" - Level of Difficulty - 4.7 Stars","Gary Oldman","Actor, <a href=""http://www.imdb.com/title/tt1345836"">The Dark Knight Rises</a>","1958-03-21"


        "76","nm0001570","Thu Nov 15 12:06:01 2012","Mon Feb 23 16:29:27 2015","Acting Abilities: 

Acting Skill - 4.7 Stars 
Overall Versatility - 4.7 Stars
Role Transformation - 4.7 Stars

Awards & Nominations:

Oscars: 0
Oscar Nominations: 3
BAFTA Awards: 0
BAFTA Nominations: 2
Golden Globes: 1
Golden Globe Nominations: 2

Greatest Performances: 

""Primal Fear"" - Level of Difficulty - 4.8 Stars
""American History X"" - Level of Difficulty - 4.7 Stars
""Everyone Says I Love You"" - Level of Difficulty - 4.6 Stars","Edward Norton","Actor, <a href=""http://www.imdb.com/title/tt0137523"">Fight Club</a>","1969-08-18"


        "77","nm0000093","Thu Nov 15 11:47:22 2012","Mon Feb 29 19:05:43 2016","Acting Abilities: 

Acting Skill - 4.7 Stars 
Overall Versatility - 4.7 Stars
Role Transformation - 4.6 Stars

Awards & Nominations:

Oscars: 1 (Producing)
Oscar Nominations: 6 (3 for Producing)
BAFTA Awards: 1 (Producing)
BAFTA Nominations: 5 (2 for Producing) 
Golden Globes: 1
Golden Globe Nominations: 5 

Greatest Performances: 

""Moneyball"" - Level of Difficulty - 4.4 Stars
""Twelve Monkeys"" - Level of Difficulty - 4.7 Stars
""The Curious Case...Benjamin Button"" - Level of Difficulty - 4.6 Stars","Brad Pitt","Actor, <a href=""http://www.imdb.com/title/tt0361748"">Inglourious Basterds</a>","1963-12-18"


        "78","nm0000375","Mon Jul 21 14:50:00 2014","Mon Jul 21 14:54:41 2014","Acting Abilities: 

Acting Skill - 4.7 Stars 
Overall Versatility - 4.7 Stars
Role Transformation - 4.7 Stars

Awards & Nominations:

Oscars: 0
Oscar Nominations: 2
BAFTA Awards: 1
BAFTA Nominations: 2
Golden Globes: 3
Golden Globe Nominations: 5

Greatest Performances: 

""Chaplin"" - Level of Difficulty - 4.8 Stars
""Tropic Thunder"" - Level of Difficulty - 4.6 Stars
""Sherlock Homes"" - Level of Difficulty - 4.7 Stars","Robert Downey Jr.","Actor, <a href=""http://www.imdb.com/title/tt0848228"">The Avengers</a>","1965-04-04"


        "79","nm0000553","Thu Nov 15 11:46:42 2012","Tue May 31 16:36:09 2016","Acting Abilities: 

Acting Skill - 4.6 Stars 
Overall Versatility - 4.5 Stars
Role Transformation - 4.6 Stars

Awards & Nominations:

Oscars: 0
Oscar Nominations: 1
BAFTA Awards: 0
BAFTA Nominations: 1
Golden Globes: 0
Golden Globe Nominations: 3

Greatest Performances: 

""Kinsey"" - Level of Difficulty - 4.5 Stars
""Michael Collins"" - Level of Difficulty - 4.6 Stars
""Schindler's List"" - Level of Difficulty - 4.6 Stars","Liam Neeson","Actor, <a href=""http://www.imdb.com/title/tt0108052"">Schindler's List</a>","1952-06-07"


        "80","nm0000154","Sun May 17 22:22:46 2015","Mon Aug  3 12:54:20 2015","Acting Abilities: 

Acting Skill - 4.6 Stars 
Overall Versatility - 4.5 Stars
Role Transformation - 4.6 Stars

Awards & Nominations:

Oscars: 2 (Directing/Producing)
Oscar Nominations: 2 (Directing/Producing)
BAFTA Awards: 0
BAFTA Nominations: 2 (Directing/Producing)
Golden Globes: 1 (Directing)
Golden Globe Nominations: 3 (1 for Directing)

Greatest Performances: 

""Ransom"" - Level of Difficulty - 4.6 Stars
""Braveheart"" - Level of Difficulty - 4.5 Stars
""What Women Want"" - Level of Difficulty - 4.6 Stars","Mel Gibson","Actor, <a href=""http://www.imdb.com/title/tt0112573"">Braveheart</a>","1956-01-03"


        "81","nm0000148","Thu Nov 15 11:57:58 2012","Wed Jul 23 16:31:31 2014","Acting Abilities: 

Acting Skill - 4.5 Stars 
Overall Versatility - 4.3 Stars
Role Transformation - 4.4 Stars

Awards & Nominations:

Oscars: 0
Oscar Nominations: 1
BAFTA Awards: 0
BAFTA Nominations: 1
Golden Globes: 0
Golden Globe Nominations: 4

Greatest Performances: 

""Witness"" - Level of Difficulty - 4.6 Stars
""Star Wars"" - Level of Difficulty - 4.3 Stars
""The Fugitive"" - Level of Difficulty - 4.4 Stars","Harrison Ford","Actor, <a href=""http://www.imdb.com/title/tt0076759"">Star Wars: Episode IV - A New Hope</a>","1942-07-13"


        "82","nm0000095","Tue May 31 16:38:05 2016","Tue Jun 21 19:53:41 2016","Acting Abilities: 

Acting Skill - 4.6 Stars 
Overall Versatility - 4.5 Stars
Role Transformation - 4.6 Stars

Awards & Nominations:

Oscars: 4 (Directing/Writing/Producing)
Oscar Nominations: 24 (1 for Acting)
BAFTA Awards: 9 (Directing/Writing/Producing)
BAFTA Nominations: 23 (2 for Acting)
Golden Globes: 2 (Writing)
Golden Globe Nominations: 13 (1 for Acting)

Greatest Performances:

""Annie Hall"" - Level of Difficulty - 4.6 Stars 
""Manhattan"" - Level of Difficulty - 4.5 Stars
""Take the Money and Run"" - Level of Difficulty - 4.3 Stars","Woody Allen","Writer, <a href=""http://www.imdb.com/title/tt0075686"">Annie Hall</a>","1935-12-01"


        "83","nm0000015","Thu Nov 15 12:03:40 2012","Sat Mar 14 15:44:25 2015","Acting Abilities: 

Acting Skill - 4.6 Stars 
Overall Versatility - 4.4 Stars
Role Transformation - 4.5 Stars

Awards & Nominations:

Oscars: 0
Oscar Nominations: 2
BAFTA Awards: 0
BAFTA Nominations: 2
Golden Globes: 0
Golden Globe Nominations: 0

Greatest Performances: 

""Giant"" - Level of Difficulty - 4.5 Stars
""East of Eden"" - Level of Difficulty - 4.6 Stars
""Rebel Without a Cause"" - Level of Difficulty - 4.5 Stars","James Dean","Actor, <a href=""http://www.imdb.com/title/tt0048545"">Rebel Without a Cause</a>","1931-02-08"


        "84","nm0001452","Tue May 31 16:42:08 2016","Tue Jun 21 20:15:12 2016","Acting Abilities: 

Acting Skill - 4.7 Stars 
Overall Versatility - 4.8 Stars
Role Transformation - 4.8 Stars

Awards & Nominations:

Oscars: 1
Oscar Nominations: 3
BAFTA Awards: 0
BAFTA Nominations: 2
Golden Globes: 0
Golden Globe Nominations: 1

Greatest Performances:

""Mutiny on the Bounty"" - Level of Difficulty - 4.6 Stars
""Witness for the Prosecution"" - Level of Difficulty - 4.7 Stars
""The Private Life of Henry VIII"" - Level of Difficulty - 4.8 Stars","Charles Laughton","Actor, <a href=""http://www.imdb.com/title/tt0054331"">Spartacus</a>","1899-07-01"


        "85","nm0000080","Mon Jul  8 19:02:16 2013","Tue Jul 16 10:11:29 2013","Acting Abilities: 

Acting Skill - 4.6 Stars 
Overall Versatility - 4.6 Stars
Role Transformation - 4.7 Stars

Awards & Nominations:

Oscars: 0
Oscar Nominations: 1 (For Acting)
BAFTA Awards: 0
BAFTA Nominations: 1 (For Acting)
Golden Globes: 1 (For Acting)
Golden Globe Nominations: 3 (For Acting)

Greatest Performances: 

""Butterfly"" - Level of Difficulty - 4.6 Stars
""Citizen Kane"" - Level of Difficulty - 4.7 Stars
""Chimes at Midnight"" - Level of Difficulty - 4.6 Stars","Orson Welles","Actor, <a href=""http://www.imdb.com/title/tt0033467"">Citizen Kane</a>","1915-05-06"


        "86","nm0000602","Thu Nov 15 12:03:49 2012","Tue Jul 16 14:03:45 2013","Acting Abilities: 

Acting Skill - 4.4 Stars 
Overall Versatility - 4.2 Stars
Role Transformation - 4.3 Stars

Awards & Nominations:

Oscars: 1 (Directing)
Oscar Nominations: 4 (3 for Directing)
BAFTA Awards: 3
BAFTA Nominations: 4 (1 for Directing)
Golden Globes: 2 (1 for Directing)
Golden Globe Nominations: 5 (4 for Directing)

Greatest Performances: 

""The String"" - Level of Difficulty - 4.4 Stars
""Downhill Racer"" - Level of Difficulty - 4.4 Stars
""Tell Them Willie Boy Is Here"" - Level of Difficulty - 4.2 Stars","Robert Redford","Actor, <a href=""http://www.imdb.com/title/tt0070735"">The Sting</a>","1936-08-18"


        "87","nm0000537","Thu Nov 15 11:53:43 2012","Tue Jul 16 13:49:08 2013","Acting Abilities: 

Acting Skill - 4.6 Stars 
Overall Versatility - 4.5 Stars
Role Transformation - 4.6 Stars

Awards & Nominations:

Oscars: 0
Oscar Nominations: 1
BAFTA Awards: 0
BAFTA Nominations: 0
Golden Globes: 0
Golden Globe Nominations: 4

Greatest Performances: 

""Papillon"" - Level of Difficulty - 4.7 Stars
""The Sand Pebbles"" - Level of Difficulty - 4.5 Stars
""Love with the Proper Stranger"" - Level of Difficulty - 4.2 Stars","Steve McQueen","Actor, <a href=""http://www.imdb.com/title/tt0057115"">The Great Escape</a>","1930-03-24"


        "88","nm0000032","Wed Jul 24 07:05:40 2013","Wed Jul 24 07:08:34 2013","Acting Abilities: 

Acting Skill - 4.5 Stars 
Overall Versatility - 4.4 Stars
Role Transformation - 4.5 Stars

Awards & Nominations:

Oscars: 1
Oscar Nominations: 1
BAFTA Awards: 0
BAFTA Nominations: 0
Golden Globes: 0
Golden Globe Nominations: 3

Greatest Performances: 

""Ben-Hur"" - Level of Difficulty - 4.7 Stars
""The Ten Commandments"" - Level of Difficulty - 4.5 Stars
""The Pigeon That Took Rome"" - Level of Difficulty - 4.4 Stars","Charlton Heston","Actor, <a href=""http://www.imdb.com/title/tt0052618"">Ben-Hur</a>","1923-10-04"


        "89","nm0000037","Wed Oct 30 12:23:48 2013","Sun Jul 19 17:14:02 2015","Acting Abilities: 

Acting Skill - 4.6 Stars 
Overall Versatility - 4.5 Stars
Role Transformation - 4.7 Stars

Awards & Nominations:

Oscars: 0
Oscar Nominations: 1
BAFTA Awards: 0
BAFTA Nominations: 0
Golden Globes: 0
Golden Globe Nominations: 2

Greatest Performances: 

""Hello, Dolly!"" - Level of Difficulty - 4.6 Stars
""Anchors Aweigh"" - Level of Difficulty - 4.6 Stars
""An American in Paris"" - Level of Difficulty - 4.7 Stars","Gene Kelly","Actor, <a href=""http://www.imdb.com/title/tt0045152"">Singin' in the Rain</a>","1912-08-23"


        "90","nm0000053","Tue May 20 12:26:23 2014","Sun May 17 22:22:53 2015","Acting Abilities: 

Acting Skill - 4.6 Stars 
Overall Versatility - 4.5 Stars
Role Transformation - 4.5 Stars

Awards & Nominations:

Oscars: 0
Oscar Nominations: 1
BAFTA Awards: 0
BAFTA Nominations: 1
Golden Globes: 0
Golden Globe Nominations: 0

Greatest Performances: 

""Story of G.I. Joe"" - Level of Difficulty - 4.6 Stars
""The Longest Day"" - Level of Difficulty - 4.4 Stars
""Heaven Knows, Mr. Allison"" - Level of Difficulty - 4.5 Stars","Robert Mitchum","Actor, <a href=""http://www.imdb.com/title/tt0048424"">The Night of the Hunter</a>","1917-08-06"


        "91","nm0000018","Thu Nov 15 11:45:52 2012","Tue Jul  2 13:53:40 2013","Acting Abilities: 

Acting Skill - 4.5 Stars 
Overall Versatility - 4.4 Stars
Role Transformation - 4.6 Stars

Awards & Nominations:

Oscars: 0
Oscar Nominations: 3
BAFTA Awards: 0
BAFTA Nominations: 1
Golden Globes: 1
Golden Globe Nominations: 3

Greatest Performances: 

""Champion"" - Level of Difficulty - 4.5 Stars
""Lust for Life"" - Level of Difficulty - 4.7 Stars
""The Bad and the Beautiful"" - Level of Difficulty - 4.5 Stars","Kirk Douglas","Actor, <a href=""http://www.imdb.com/title/tt0054331"">Spartacus</a>","1916-12-09"


        "92","nm0000195","Sat Nov 17 14:21:39 2012","Tue Feb 17 18:17:38 2015","Acting Abilities: 

Acting Skill - 4.7 Stars 
Overall Versatility - 4.5 Stars
Role Transformation - 4.6 Stars

Awards & Nominations:

Oscars: 0
Oscar Nominations: 1
BAFTA Awards: 1
BAFTA Nominations: 1
Golden Globes: 1
Golden Globe Nominations: 4

Greatest Performances: 

""Rushmore"" - Level of Difficulty - 4.5 Stars
""Lost in Translation"" - Level of Difficulty - 4.6 Stars
""Hyde Park on Hudson"" - Level of Difficulty - 4.6 Stars","Bill Murray","Actor, <a href=""http://www.imdb.com/title/tt0107048"">Groundhog Day</a>","1950-09-21"


        "93","nm0000120","Tue Feb 17 18:10:31 2015","Tue Feb 17 18:17:30 2015","Acting Abilities: 

Acting Skill - 4.8 Stars 
Overall Versatility - 4.8 Stars
Role Transformation - 4.7 Stars

Awards & Nominations:

AMC Awards: 0
AMC Nominations: 4
BAFTA Awards: 0
BAFTA Nominations: 1
Golden Globes: 2
Golden Globe Nominations: 6

Greatest Performances: 

""Man on the Moon"" - Level of Difficulty - 4.8 Stars
""The Truman Show"" - Level of Difficulty - 4.8 Stars
""Eternal Sunshine of the Spotless Mind"" - Level of Difficulty - 4.9 Stars","Jim Carrey","Actor, <a href=""http://www.imdb.com/title/tt0338013"">Eternal Sunshine of the Spotless Mind</a>","1962-01-17"


        "94","nm0413168","Sat Dec 13 11:20:26 2014","Sat Dec 13 11:23:54 2014","Acting Abilities: 

Acting Skill - 4.8 Stars 
Overall Versatility - 4.8 Stars
Role Transformation - 4.9 Stars

Awards & Nominations:

Oscars: 0
Oscar Nominations: 1
BAFTA Awards: 0
BAFTA Nominations: 1
Golden Globes: 1
Golden Globe Nominations: 2

Greatest Performances: 

""The Fountain"" - Level of Difficulty - 4.8 Stars
""Les Miserables"" - Level of Difficulty - 4.9 Stars
""Kate & Leopold"" - Level of Difficulty - 4.7 Stars","Hugh Jackman","Actor, <a href=""http://www.imdb.com/title/tt0482571"">The Prestige</a>","1968-10-12"


        "95","nm0000230","Wed Jun 22 23:33:32 2016","Fri Jul 22 15:03:56 2016","Acting Abilities: 

Acting Skill - 4.5 Stars 
Overall Versatility - 4.5 Stars
Role Transformation - 4.7 Stars

Awards & Nominations:

Oscars: 0
Oscar Nominations: 3 (1 for Writing)
BAFTA Awards: 0
BAFTA Nominations: 2
Golden Globes: 1
Golden Globe Nominations: 3

Greatest Performances: 

""Creed"" - Level of Difficulty - 4.6 Stars
""Rocky"" - Level of Difficulty - 4.7 Stars
""Rocky IV"" - Level of Difficulty - 4.5 Stars","Sylvester Stallone","Actor, <a href=""http://www.imdb.com/title/tt0075148"">Rocky</a>","1946-07-06"


        "96","nm0000614","Wed Jun 22 23:30:34 2016","Thu Jul 21 07:05:35 2016","Acting Abilities: 

Acting Skill - 4.7 Stars 
Overall Versatility - 4.6 Stars
Role Transformation - 4.7 Stars

Awards & Nominations:

Oscars: 0
Oscar Nominations: 0
BAFTA Awards: 1
BAFTA Nominations: 4
Golden Globes: 0
Golden Globe Nominations: 1

Greatest Performances: 

""Michael Collins"" - Level of Difficulty - 4.6 Stars
""Truly Madly Deeply"" - Level of Difficulty - 4.6 Stars
""Robin Hood: Prince of Thieves"" - Level of Difficulty - 4.7 Stars","Alan Rickman","Actor, <a href=""http://www.imdb.com/title/tt1201607"">Harry Potter and the Deathly Hallows: Part 2</a>","1946-02-21"


        "97","nm0000064","Tue May 31 16:33:22 2016","Tue Jun 21 19:46:43 2016","Acting Abilities: 

Acting Skill - 4.6 Stars 
Overall Versatility - 4.2 Stars
Role Transformation - 4.4 Stars

Awards & Nominations:

Oscars: 1 (Hon.)
Oscar Nominations: 1 (Hon.)
BAFTA Awards: 0
BAFTA Nominations: 0
Golden Globes: 0
Golden Globe Nominations: 0

Greatest Performances:

""Little Caesar"" - Level of Difficulty - 4.6 Stars 
""Scarlett Street"" - Level of Difficulty - 4.3 Stars
""Double Indemnity"" - Level of Difficulty - 4.5 Stars","Edward G. Robinson","Actor, <a href=""http://www.imdb.com/title/tt0036775"">Double Indemnity</a>","1893-12-12"


        "98","nm0000640","Wed Jun 22 23:33:21 2016","Fri Jul 22 15:04:09 2016","Acting Abilities: 

Acting Skill - 4.6 Stars 
Overall Versatility - 4.6 Stars
Role Transformation - 4.7 Stars

Awards & Nominations:

Oscars: 0
Oscar Nominations: 0
BAFTA Awards: 0
BAFTA Nominations: 2
Golden Globes: 1
Golden Globe Nominations: 8

Greatest Performances: 

""Kennedy"" - Level of Difficulty - 4.6 Stars
""Apocalypse Now"" - Level of Difficulty - 4.7 Stars
""The Subject Wad Roses"" - Level of Difficulty - 4.7 Stars","Martin Sheen","Actor, <a href=""http://www.imdb.com/title/tt0078788"">Apocalypse Now</a>","1940-08-03"


        "99","nm0000592","Wed Jun 22 23:30:16 2016","Thu Jul 21 07:00:49 2016","Acting Abilities: 

Acting Skill - 4.7 Stars 
Overall Versatility - 4.6 Stars
Role Transformation - 4.8 Stars

Awards & Nominations:

Oscars: 0
Oscar Nominations: 1
BAFTA Awards: 0
BAFTA Nominations: 4
Golden Globes: 0
Golden Globe Nominations: 0

Greatest Performances: 

""The Town"" - Level of Difficulty - 4.7 Stars
""The Usual Suspects"" - Level of Difficulty - 4.6 Stars
""In the Name of the Father"" - Level of Difficulty - 4.9 Stars","Pete Postlethwaite","Actor, <a href=""http://www.imdb.com/title/tt1375666"">Inception</a>","1946-02-07"


        "100","nm0000422","Wed Jun 22 23:29:22 2016","Thu Jul 21 07:09:32 2016","Acting Abilities: 

Acting Skill - 4.6 Stars 
Overall Versatility - 4.5 Stars
Role Transformation - 4.6 Stars

Awards & Nominations:

Oscars: 0
Oscar Nominations: 0
BAFTA Awards: 0
BAFTA Nominations: 0
Golden Globes: 1
Golden Globe Nominations: 5

Greatest Performances: 

""Flight"" - Level of Difficulty - 4.5 Stars
""Barton Fink"" - Level of Difficulty - 4.7 Stars
""The Big Lebowski"" - Level of Difficulty - 4.6 Stars","John Goodman","Actor, <a href=""http://www.imdb.com/title/tt0198781"">Monsters, Inc.</a>","1952-06-20"
